cores,count,interactions
4,127269.0,621.5304439067841
2,127269.0,660.8002190589905
1,127269.0,1153.2656798362732
