cores,count,read_hadoop
4,140825.0,68.62874412536621
2,140825.0,73.14868211746216
1,140825.0,107.54851508140564
