cores,count,read
4,140825.0,252.54657816886902
2,140825.0,280.9554250240326
1,140825.0,433.2996151447296
