cores,count,saltbridges
4,523868.0,1061.849042892456
2,523868.0,1114.9261240959167
1,523868.0,2019.266900062561
