cores,count,unpack_msgpack
4,140825.0,439.6972670555115
2,140825.0,439.4969379901886
1,140825.0,777.9126970767975
