cores,count,unpack_pd
4,140825.0,129.77199506759644
2,140825.0,146.0845558643341
1,140825.0,226.78590202331543
