cores,count,unzip
4,140825.0,100.05307197570801
2,140825.0,110.18872785568237
1,140825.0,167.66900515556335
